"Observation station","Year","Month","Day","Time [Local time]","Snow depth [cm]","Average temperature [Â°C]"
"Kuopio keskusta","2003","3","10","02:00","-","0.1"
"Kuopio keskusta","2003","3","11","02:00","-","1.7"
"Kuopio keskusta","2003","3","12","02:00","-","-0.6"
"Kuopio keskusta","2003","3","13","02:00","-","-3.2"
"Kuopio keskusta","2003","3","14","02:00","-","0.9"
"Kuopio keskusta","2003","3","15","02:00","-","1.5"
"Kuopio keskusta","2003","3","16","02:00","-","0"
"Kuopio keskusta","2003","3","17","02:00","-","2"
"Kuopio keskusta","2003","3","18","02:00","-","0.9"
"Kuopio keskusta","2003","3","19","02:00","-","0.2"
"Kuopio keskusta","2003","3","20","02:00","-","-8.3"
"Kuopio keskusta","2003","3","21","02:00","-","-6.4"
"Kuopio keskusta","2003","3","22","02:00","-","-0.4"
"Kuopio keskusta","2003","3","23","02:00","-","4.3"
"Kuopio keskusta","2003","3","24","02:00","-","3.7"
"Kuopio keskusta","2003","3","25","02:00","-","0.8"
"Kuopio keskusta","2003","3","26","02:00","-","1.5"
"Kuopio keskusta","2003","3","27","02:00","-","4.7"
"Kuopio keskusta","2003","3","28","02:00","-","3"
"Kuopio keskusta","2003","3","29","02:00","-","2.2"
"Kuopio keskusta","2003","3","30","02:00","-","1.9"
"Kuopio keskusta","2003","3","31","03:00","-","-5.1"
"Kuopio keskusta","2003","4","1","03:00","-","-8.8"
"Kuopio keskusta","2003","4","2","03:00","-","-6.7"
"Kuopio keskusta","2003","4","3","03:00","-","-5.6"
"Kuopio keskusta","2003","4","4","03:00","-","-1.7"
"Kuopio keskusta","2003","4","5","03:00","-","-2.3"
"Kuopio keskusta","2003","4","6","03:00","-","-4.8"
"Kuopio keskusta","2003","4","7","03:00","-","-4.6"
"Kuopio keskusta","2003","4","8","03:00","-","-2.7"
"Kuopio keskusta","2003","4","9","03:00","-","-0.9"
"Kuopio keskusta","2003","4","10","03:00","-","1.1"
"Kuopio keskusta","2003","4","11","03:00","-","2.4"
"Kuopio keskusta","2003","4","12","03:00","-","3.2"
"Kuopio keskusta","2003","4","13","03:00","-","2.3"
"Kuopio keskusta","2003","4","14","03:00","-","1.6"
"Kuopio keskusta","2003","4","15","03:00","-","2"
"Kuopio keskusta","2003","4","16","03:00","-","5.3"
"Kuopio keskusta","2003","4","17","03:00","-","3.8"
"Kuopio keskusta","2003","4","18","03:00","-","2.9"
"Kuopio keskusta","2003","4","19","03:00","-","6.4"
"Kuopio keskusta","2003","4","20","03:00","-","7.1"
"Kuopio keskusta","2003","4","21","03:00","-","8.2"
"Kuopio keskusta","2003","4","22","03:00","-","8.3"
"Kuopio keskusta","2003","4","23","03:00","-","2.7"
"Kuopio keskusta","2003","4","24","03:00","-","-0.8"
"Kuopio keskusta","2003","4","25","03:00","-","-1.6"
"Kuopio keskusta","2003","4","26","03:00","-","-0.4"
"Kuopio keskusta","2003","4","27","03:00","-","0.6"
"Kuopio keskusta","2003","4","28","03:00","-","1.6"
"Kuopio keskusta","2003","4","29","03:00","-","3.8"
"Kuopio keskusta","2003","4","30","03:00","-","1.9"
"Kuopio keskusta","2003","5","1","03:00","-","3.5"
"Kuopio keskusta","2003","5","2","03:00","-","3.2"
"Kuopio keskusta","2003","5","3","03:00","-","3"
"Kuopio keskusta","2003","5","4","03:00","-","4"
"Kuopio keskusta","2003","5","5","03:00","-","4.3"
"Kuopio keskusta","2003","5","6","03:00","-","7.6"
"Kuopio keskusta","2003","5","7","03:00","-","7.5"
"Kuopio keskusta","2003","5","8","03:00","-","6.2"
"Kuopio keskusta","2003","5","9","03:00","-","5.3"
"Kuopio keskusta","2003","5","10","03:00","-","8.6"
"Kuopio keskusta","2003","5","11","03:00","-","10.1"
"Kuopio keskusta","2003","5","12","03:00","-","9.6"
"Kuopio keskusta","2003","5","13","03:00","-","12"
"Kuopio keskusta","2003","5","14","03:00","-","13.9"
"Kuopio keskusta","2003","5","15","03:00","-","12.8"
"Kuopio keskusta","2003","5","16","03:00","-","11"
"Kuopio keskusta","2003","5","17","03:00","-","14.8"
"Kuopio keskusta","2003","5","18","03:00","-","11.5"
"Kuopio keskusta","2003","5","19","03:00","-","9.4"
"Kuopio keskusta","2003","5","20","03:00","-","10.1"
"Kuopio keskusta","2003","5","21","03:00","-","12.1"
"Kuopio keskusta","2003","5","23","03:00","-","11.8"
"Kuopio keskusta","2003","5","24","03:00","-","10.6"
"Kuopio keskusta","2003","5","25","03:00","-","13.2"
"Kuopio keskusta","2003","5","26","03:00","-","16.5"
"Kuopio keskusta","2003","5","27","03:00","-","14.4"
"Kuopio keskusta","2003","5","28","03:00","-","11.8"
"Kuopio keskusta","2003","5","29","03:00","-","11.4"
"Kuopio keskusta","2003","5","30","03:00","-","12.6"
"Kuopio keskusta","2003","5","31","03:00","-","9.6"
"Kuopio keskusta","2003","6","1","03:00","-","7"
"Kuopio keskusta","2003","6","2","03:00","-","7.8"
"Kuopio keskusta","2003","6","3","03:00","-","11.4"
"Kuopio keskusta","2003","6","4","03:00","-","16.1"
"Kuopio keskusta","2003","6","5","03:00","-","15"
"Kuopio keskusta","2003","6","6","03:00","-","8.9"
"Kuopio keskusta","2003","6","7","03:00","-","10.8"
"Kuopio keskusta","2003","6","8","03:00","-","14"
"Kuopio keskusta","2003","6","9","03:00","-","12.6"
"Kuopio keskusta","2003","6","10","03:00","-","9.7"
"Kuopio keskusta","2003","6","11","03:00","-","10.6"
"Kuopio keskusta","2003","6","12","03:00","-","13.3"
"Kuopio keskusta","2003","6","13","03:00","-","10.8"
"Kuopio keskusta","2003","6","14","03:00","-","10.3"
"Kuopio keskusta","2003","6","15","03:00","-","10.1"
"Kuopio keskusta","2003","6","16","03:00","-","10.5"
"Kuopio keskusta","2003","6","17","03:00","-","10.5"
"Kuopio keskusta","2003","6","18","03:00","-","12.1"
"Kuopio keskusta","2003","6","19","03:00","-","13.8"
"Kuopio keskusta","2003","6","20","03:00","-","14.3"
"Kuopio keskusta","2003","6","21","03:00","-","13.8"
"Kuopio keskusta","2003","6","22","03:00","-","13.1"
"Kuopio keskusta","2003","6","23","03:00","-","16"
"Kuopio keskusta","2003","6","24","03:00","-","17.4"
"Kuopio keskusta","2003","6","25","03:00","-","18"
"Kuopio keskusta","2003","6","26","03:00","-","17.6"
"Kuopio keskusta","2003","6","27","03:00","-","15.4"
"Kuopio keskusta","2003","6","28","03:00","-","10.6"
"Kuopio keskusta","2003","6","29","03:00","-","11"
"Kuopio keskusta","2003","6","30","03:00","-","16"
"Kuopio keskusta","2003","7","1","03:00","-","17.4"
"Kuopio keskusta","2003","7","2","03:00","-","20.8"
"Kuopio keskusta","2003","7","3","03:00","-","20.5"
"Kuopio keskusta","2003","7","4","03:00","-","19.2"
"Kuopio keskusta","2003","7","5","03:00","-","18.5"
"Kuopio keskusta","2003","7","6","03:00","-","19.5"
"Kuopio keskusta","2003","7","7","03:00","-","16.6"
"Kuopio keskusta","2003","7","8","03:00","-","15"
"Kuopio keskusta","2003","7","9","03:00","-","11.9"
"Kuopio keskusta","2003","7","10","03:00","-","13.4"
"Kuopio keskusta","2003","7","11","03:00","-","17.8"
"Kuopio keskusta","2003","7","14","03:00","-","25.3"
"Kuopio keskusta","2003","7","15","03:00","-","23.7"
"Kuopio keskusta","2003","7","16","03:00","-","23.9"
"Kuopio keskusta","2003","7","17","03:00","-","24.6"
"Kuopio keskusta","2003","7","18","03:00","-","23.8"
"Kuopio keskusta","2003","7","19","03:00","-","19.5"
"Kuopio keskusta","2003","7","20","03:00","-","21.5"
"Kuopio keskusta","2003","7","21","03:00","-","21.9"
"Kuopio keskusta","2003","7","22","03:00","-","22.4"
"Kuopio keskusta","2003","7","23","03:00","-","22"
"Kuopio keskusta","2003","7","24","03:00","-","21"
"Kuopio keskusta","2003","7","25","03:00","-","21"
"Kuopio keskusta","2003","7","26","03:00","-","20.9"
"Kuopio keskusta","2003","7","27","03:00","-","20.5"
"Kuopio keskusta","2003","7","28","03:00","-","22.3"
"Kuopio keskusta","2003","7","29","03:00","-","23.4"
"Kuopio keskusta","2003","7","30","03:00","-","24.2"
"Kuopio keskusta","2003","7","31","03:00","-","25.5"
"Kuopio keskusta","2003","8","1","03:00","-","25.3"
"Kuopio keskusta","2003","8","2","03:00","-","23.4"
"Kuopio keskusta","2003","8","3","03:00","-","22.4"
"Kuopio keskusta","2003","8","4","03:00","-","20.7"
"Kuopio keskusta","2003","8","5","03:00","-","18.6"
"Kuopio keskusta","2003","8","6","03:00","-","16.7"
"Kuopio keskusta","2003","8","7","03:00","-","15.5"
"Kuopio keskusta","2003","8","8","03:00","-","15.4"
"Kuopio keskusta","2003","8","9","03:00","-","13.5"
"Kuopio keskusta","2003","8","10","03:00","-","13.1"
"Kuopio keskusta","2003","8","11","03:00","-","13.2"
"Kuopio keskusta","2003","8","12","03:00","-","14.8"
"Kuopio keskusta","2003","8","13","03:00","-","15.8"
"Kuopio keskusta","2003","8","14","03:00","-","16"
"Kuopio keskusta","2003","8","15","03:00","-","15.1"
"Kuopio keskusta","2003","8","16","03:00","-","16"
"Kuopio keskusta","2003","8","17","03:00","-","15.9"
"Kuopio keskusta","2003","8","18","03:00","-","15.3"
"Kuopio keskusta","2003","8","19","03:00","-","16.6"
"Kuopio keskusta","2003","8","20","03:00","-","15.9"
"Kuopio keskusta","2003","8","21","03:00","-","15.4"
"Kuopio keskusta","2003","8","22","03:00","-","15.2"
"Kuopio keskusta","2003","8","23","03:00","-","15.9"
"Kuopio keskusta","2003","8","24","03:00","-","16.2"
"Kuopio keskusta","2003","8","25","03:00","-","12.6"
"Kuopio keskusta","2003","8","26","03:00","-","10.8"
"Kuopio keskusta","2003","8","27","03:00","-","9.2"
"Kuopio keskusta","2003","8","28","03:00","-","10.3"
"Kuopio keskusta","2003","8","29","03:00","-","10.4"
"Kuopio keskusta","2003","8","30","03:00","-","11"
"Kuopio keskusta","2003","8","31","03:00","-","8.2"
"Kuopio keskusta","2003","9","1","03:00","-","5.1"
"Kuopio keskusta","2003","9","2","03:00","-","6.1"
"Kuopio keskusta","2003","9","3","03:00","-","7.1"
"Kuopio keskusta","2003","9","4","03:00","-","12.2"
"Kuopio keskusta","2003","9","5","03:00","-","12.1"
"Kuopio keskusta","2003","9","6","03:00","-","13.1"
"Kuopio keskusta","2003","9","7","03:00","-","14.6"
"Kuopio keskusta","2003","9","8","03:00","-","14.8"
"Kuopio keskusta","2003","9","9","03:00","-","14.7"
"Kuopio keskusta","2003","9","10","03:00","-","13.9"
"Kuopio keskusta","2003","9","11","03:00","-","11.5"
"Kuopio keskusta","2003","9","12","03:00","-","11.9"
"Kuopio keskusta","2003","9","13","03:00","-","11.9"
"Kuopio keskusta","2003","9","14","03:00","-","12.8"
"Kuopio keskusta","2003","9","15","03:00","-","13.2"
"Kuopio keskusta","2003","9","16","03:00","-","11.8"
"Kuopio keskusta","2003","9","17","03:00","-","9.9"
"Kuopio keskusta","2003","9","19","03:00","-","11.5"
"Kuopio keskusta","2003","9","20","03:00","-","7"
"Kuopio keskusta","2003","9","21","03:00","-","8.6"
"Kuopio keskusta","2003","9","22","03:00","-","12.5"
"Kuopio keskusta","2003","9","23","03:00","-","13.8"
"Kuopio keskusta","2003","9","24","03:00","-","7.5"
"Kuopio keskusta","2003","9","25","03:00","-","8.3"
"Kuopio keskusta","2003","9","26","03:00","-","8.6"
"Kuopio keskusta","2003","9","27","03:00","-","11.3"
"Kuopio keskusta","2003","9","28","03:00","-","9.1"
"Kuopio keskusta","2003","9","29","03:00","-","8.7"
"Kuopio keskusta","2003","9","30","03:00","-","7.9"
"Kuopio keskusta","2003","10","1","03:00","-","7.4"
"Kuopio keskusta","2003","10","2","03:00","-","8.9"
"Kuopio keskusta","2003","10","3","03:00","-","9.2"
"Kuopio keskusta","2003","10","4","03:00","-","9.1"
"Kuopio keskusta","2003","10","5","03:00","-","9.9"
"Kuopio keskusta","2003","10","6","03:00","-","8.1"
"Kuopio keskusta","2003","10","7","03:00","-","8.2"
"Kuopio keskusta","2003","10","8","03:00","-","6.2"
"Kuopio keskusta","2003","10","9","03:00","-","6.4"
"Kuopio keskusta","2003","10","10","03:00","-","6.4"
"Kuopio keskusta","2003","10","11","03:00","-","6.5"
"Kuopio keskusta","2003","10","12","03:00","-","5.1"
"Kuopio keskusta","2003","10","13","03:00","-","4.4"
"Kuopio keskusta","2003","10","14","03:00","-","3.8"
"Kuopio keskusta","2003","10","15","03:00","-","1.2"
"Kuopio keskusta","2003","10","16","03:00","-","2.3"
"Kuopio keskusta","2003","10","17","03:00","-","4.9"
"Kuopio keskusta","2003","10","18","03:00","-","2.6"
"Kuopio keskusta","2003","10","19","03:00","-","-0.8"
"Kuopio keskusta","2003","10","20","03:00","-","-0.7"
"Kuopio keskusta","2003","10","21","03:00","-","-3.4"
"Kuopio keskusta","2003","10","22","03:00","-","-2.6"
"Kuopio keskusta","2003","10","23","03:00","-","-1.6"
"Kuopio keskusta","2003","10","24","03:00","-","-2.9"
"Kuopio keskusta","2003","10","25","03:00","-","-2"
"Kuopio keskusta","2003","10","26","03:00","-","-4.3"
"Kuopio keskusta","2003","10","27","02:00","-","-3.6"
"Kuopio keskusta","2003","10","28","02:00","-","4.4"
"Kuopio keskusta","2003","10","29","02:00","-","3.3"
"Kuopio keskusta","2003","10","30","02:00","-","3"
"Kuopio keskusta","2003","10","31","02:00","-","1.9"
"Kuopio keskusta","2003","11","1","02:00","-","2.6"
"Kuopio keskusta","2003","11","2","02:00","-","2.4"
"Kuopio keskusta","2003","11","3","02:00","-","3.4"
"Kuopio keskusta","2003","11","4","02:00","-","4.8"
"Kuopio keskusta","2003","11","5","02:00","-","6.1"
"Kuopio keskusta","2003","11","6","02:00","-","6.6"
"Kuopio keskusta","2003","11","7","02:00","-","6.5"
"Kuopio keskusta","2003","11","8","02:00","-","2.9"
"Kuopio keskusta","2003","11","9","02:00","-","-0.3"
"Kuopio keskusta","2003","11","10","02:00","-","-1.9"
"Kuopio keskusta","2003","11","11","02:00","-","2.3"
"Kuopio keskusta","2003","11","12","02:00","-","1.2"
"Kuopio keskusta","2003","11","13","02:00","-","0.5"
"Kuopio keskusta","2003","11","14","02:00","-","2.2"
"Kuopio keskusta","2003","11","15","02:00","-","1.1"
"Kuopio keskusta","2003","11","16","02:00","-","1.6"
"Kuopio keskusta","2003","11","17","02:00","-","1.5"
"Kuopio keskusta","2003","11","18","02:00","-","1.1"
"Kuopio keskusta","2003","11","19","02:00","-","0"
"Kuopio keskusta","2003","11","20","02:00","-","-0.8"
"Kuopio keskusta","2003","11","21","02:00","-","-2.5"
"Kuopio keskusta","2003","11","22","02:00","-","-5.3"
"Kuopio keskusta","2003","11","23","02:00","-","-5.8"
"Kuopio keskusta","2003","11","24","02:00","-","-3.9"
"Kuopio keskusta","2003","11","25","02:00","-","-4.1"
"Kuopio keskusta","2003","11","26","02:00","-","-4.9"
"Kuopio keskusta","2003","11","27","02:00","-","-2.1"
"Kuopio keskusta","2003","11","28","02:00","-","1.6"
"Kuopio keskusta","2003","11","29","02:00","-","2.6"
"Kuopio keskusta","2003","11","30","02:00","-","0.8"
"Kuopio keskusta","2003","12","1","02:00","-","2.2"
"Kuopio keskusta","2003","12","2","02:00","-","2.8"
"Kuopio keskusta","2003","12","3","02:00","-","2"
"Kuopio keskusta","2003","12","4","02:00","-","3.4"
"Kuopio keskusta","2003","12","5","02:00","-","-0.1"
"Kuopio keskusta","2003","12","6","02:00","-","-4.8"
"Kuopio keskusta","2003","12","7","02:00","-","-2.5"
"Kuopio keskusta","2003","12","8","02:00","-","-0.1"
"Kuopio keskusta","2003","12","9","02:00","-","-5.3"
"Kuopio keskusta","2003","12","10","02:00","-","-0.1"
"Kuopio keskusta","2003","12","11","02:00","-","2.6"
"Kuopio keskusta","2003","12","12","02:00","-","-1.8"
"Kuopio keskusta","2003","12","13","02:00","-","-3.8"
"Kuopio keskusta","2003","12","14","02:00","-","-3.3"
"Kuopio keskusta","2003","12","15","02:00","-","-4"
"Kuopio keskusta","2003","12","16","02:00","-","-8.4"
"Kuopio keskusta","2003","12","17","02:00","-","-11.2"
"Kuopio keskusta","2003","12","18","02:00","-","-10.9"
"Kuopio keskusta","2003","12","19","02:00","-","0.6"
"Kuopio keskusta","2003","12","20","02:00","-","-8.1"
"Kuopio keskusta","2003","12","21","02:00","-","-10.5"
"Kuopio keskusta","2003","12","22","02:00","-","-11.9"
"Kuopio keskusta","2003","12","23","02:00","-","-18.3"
"Kuopio keskusta","2003","12","24","02:00","-","-9.3"
"Kuopio keskusta","2003","12","25","02:00","-","1.7"
"Kuopio keskusta","2003","12","26","02:00","-","0.6"
"Kuopio keskusta","2003","12","27","02:00","-","-0.3"
"Kuopio keskusta","2003","12","28","02:00","-","1.3"
"Kuopio keskusta","2003","12","29","02:00","-","-1.5"
"Kuopio keskusta","2003","12","30","02:00","-","-3.5"
"Kuopio keskusta","2003","12","31","02:00","-","-5.1"
"Kuopio keskusta","2004","1","1","02:00","-","-17.8"
"Kuopio keskusta","2004","1","2","02:00","-","-19"
"Kuopio keskusta","2004","1","3","02:00","-","-13.8"
"Kuopio keskusta","2004","1","4","02:00","-","-12.1"
"Kuopio keskusta","2004","1","5","02:00","-","-9.8"
"Kuopio keskusta","2004","1","6","02:00","-","-11.4"
"Kuopio keskusta","2004","1","7","02:00","-","-6.3"
"Kuopio keskusta","2004","1","8","02:00","-","-5.8"
"Kuopio keskusta","2004","1","9","02:00","-","-6.1"
"Kuopio keskusta","2004","1","10","02:00","-","-11.2"
"Kuopio keskusta","2004","1","11","02:00","-","-17.1"
"Kuopio keskusta","2004","1","12","02:00","-","-11"
"Kuopio keskusta","2004","1","13","02:00","-","-5.4"
"Kuopio keskusta","2004","1","14","02:00","-","-5.6"
"Kuopio keskusta","2004","1","15","02:00","-","-6.8"
"Kuopio keskusta","2004","1","16","02:00","-","-10.4"
"Kuopio keskusta","2004","1","17","02:00","-","-8.6"
"Kuopio keskusta","2004","1","18","02:00","-","-7.7"
"Kuopio keskusta","2004","1","19","02:00","-","-17.4"
"Kuopio keskusta","2004","1","20","02:00","-","-16.2"
"Kuopio keskusta","2004","1","21","02:00","-","-14.4"
"Kuopio keskusta","2004","1","22","02:00","-","-15.7"
"Kuopio keskusta","2004","1","23","02:00","-","-15"
"Kuopio keskusta","2004","1","24","02:00","-","-1.7"
"Kuopio keskusta","2004","1","25","02:00","-","-5.3"
"Kuopio keskusta","2004","1","26","02:00","-","-9"
"Kuopio keskusta","2004","1","27","02:00","-","-6.7"
"Kuopio keskusta","2004","1","28","02:00","-","-7.6"
"Kuopio keskusta","2004","1","29","02:00","-","-6"
"Kuopio keskusta","2004","1","30","02:00","-","-7.6"
"Kuopio keskusta","2004","1","31","02:00","-","-6.3"
"Kuopio keskusta","2004","2","1","02:00","-","-4"
"Kuopio keskusta","2004","2","2","02:00","-","-8.4"
"Kuopio keskusta","2004","2","3","02:00","-","-5.3"
"Kuopio keskusta","2004","2","4","02:00","-","-0.6"
"Kuopio keskusta","2004","2","5","02:00","-","-2.5"
"Kuopio keskusta","2004","2","6","02:00","-","-7.7"
"Kuopio keskusta","2004","2","7","02:00","-","-9.6"
"Kuopio keskusta","2004","2","8","02:00","-","-16.8"
"Kuopio keskusta","2004","2","9","02:00","-","-14.8"
"Kuopio keskusta","2004","2","10","02:00","-","-16.6"
"Kuopio keskusta","2004","2","11","02:00","-","-18.7"
"Kuopio keskusta","2004","2","12","02:00","-","-18.6"
"Kuopio keskusta","2004","2","13","02:00","-","-6.7"
"Kuopio keskusta","2004","2","14","02:00","-","-1.4"
"Kuopio keskusta","2004","2","15","02:00","-","-2.4"
"Kuopio keskusta","2004","2","16","02:00","-","-7"
"Kuopio keskusta","2004","2","17","02:00","-","-11.1"
"Kuopio keskusta","2004","2","18","02:00","-","-15.6"
"Kuopio keskusta","2004","2","19","02:00","-","-11.6"
"Kuopio keskusta","2004","2","20","02:00","-","-0.9"
"Kuopio keskusta","2004","2","21","02:00","-","1.4"
"Kuopio keskusta","2004","2","22","02:00","-","-2.4"
"Kuopio keskusta","2004","2","23","02:00","-","-5"
"Kuopio keskusta","2004","2","24","02:00","-","-11.2"
"Kuopio keskusta","2004","2","25","02:00","-","-7.4"
"Kuopio keskusta","2004","2","26","02:00","-","-3.4"
"Kuopio keskusta","2004","2","27","02:00","-","-2.2"
"Kuopio keskusta","2004","2","28","02:00","-","-4.2"
"Kuopio keskusta","2004","2","29","02:00","-","-8.9"
"Kuopio keskusta","2004","3","1","02:00","-","-4.9"
"Kuopio keskusta","2004","3","2","02:00","-","-8.3"
"Kuopio keskusta","2004","3","3","02:00","-","-8.1"
"Kuopio keskusta","2004","3","4","02:00","-","-7.3"
"Kuopio keskusta","2004","3","5","02:00","-","-10.9"
"Kuopio keskusta","2004","3","6","02:00","-","-11.4"
"Kuopio keskusta","2004","3","7","02:00","-","-9"
"Kuopio keskusta","2004","3","8","02:00","-","-2"
"Kuopio keskusta","2004","3","9","02:00","-","-11"
"Kuopio keskusta","2004","3","10","02:00","-","-4.8"
"Kuopio keskusta","2004","3","11","02:00","-","-3.6"
"Kuopio keskusta","2004","3","12","02:00","-","-6.8"
"Kuopio keskusta","2004","3","13","02:00","-","-8"
"Kuopio keskusta","2004","3","14","02:00","-","-3.1"
"Kuopio keskusta","2004","3","15","02:00","-","0.3"
"Kuopio keskusta","2004","3","16","02:00","-","1.6"
"Kuopio keskusta","2004","3","17","02:00","-","1.7"
"Kuopio keskusta","2004","3","18","02:00","-","0.7"
"Kuopio keskusta","2004","3","19","02:00","-","0.9"
"Kuopio keskusta","2004","3","20","02:00","-","1.1"
"Kuopio keskusta","2004","3","21","02:00","-","0.6"
"Kuopio keskusta","2004","3","22","02:00","-","-0.7"
"Kuopio keskusta","2004","3","23","02:00","-","-0.7"
"Kuopio keskusta","2004","3","24","02:00","-","-0.8"
"Kuopio keskusta","2004","3","25","02:00","-","-1"
"Kuopio keskusta","2004","3","26","02:00","-","-2.5"
"Kuopio keskusta","2004","3","27","02:00","-","-2.1"
"Kuopio keskusta","2004","3","28","02:00","-","1.1"
"Kuopio keskusta","2004","3","29","03:00","-","1.5"
"Kuopio keskusta","2004","3","30","03:00","-","2.7"
"Kuopio keskusta","2004","3","31","03:00","-","-1.1"
"Kuopio keskusta","2004","4","1","03:00","-","-5"
"Kuopio keskusta","2004","4","2","03:00","-","-4.4"
"Kuopio keskusta","2004","4","3","03:00","-","1.6"
"Kuopio keskusta","2004","4","4","03:00","-","-0.6"
"Kuopio keskusta","2004","4","5","03:00","-","0.6"
"Kuopio keskusta","2004","4","6","03:00","-","1.6"
"Kuopio keskusta","2004","4","7","03:00","-","1.9"
"Kuopio keskusta","2004","4","8","03:00","-","2.5"
"Kuopio keskusta","2004","4","9","03:00","-","2.4"
"Kuopio keskusta","2004","4","10","03:00","-","1.4"
"Kuopio keskusta","2004","4","11","03:00","-","1.4"
"Kuopio keskusta","2004","4","12","03:00","-","2.2"
"Kuopio keskusta","2004","4","13","03:00","-","2.5"
"Kuopio keskusta","2004","4","14","03:00","-","1.5"
"Kuopio keskusta","2004","4","15","03:00","-","2.9"
"Kuopio keskusta","2004","4","16","03:00","-","4"
"Kuopio keskusta","2004","4","17","03:00","-","6.7"
"Kuopio keskusta","2004","4","18","03:00","-","6.6"
"Kuopio keskusta","2004","4","19","03:00","-","7.7"
"Kuopio keskusta","2004","4","20","03:00","-","6.5"
"Kuopio keskusta","2004","4","21","03:00","-","3.3"
"Kuopio keskusta","2004","4","22","03:00","-","0.9"
"Kuopio keskusta","2004","4","23","03:00","-","0.8"
"Kuopio keskusta","2004","4","24","03:00","-","2.3"
"Kuopio keskusta","2004","4","25","03:00","-","2.4"
"Kuopio keskusta","2004","4","26","03:00","-","3.8"
"Kuopio keskusta","2004","4","27","03:00","-","5"
"Kuopio keskusta","2004","4","28","03:00","-","5.2"
"Kuopio keskusta","2004","4","29","03:00","-","5.8"
"Kuopio keskusta","2004","4","30","03:00","-","6"
"Kuopio keskusta","2004","5","1","03:00","-","8"
"Kuopio keskusta","2004","5","2","03:00","-","7.9"
"Kuopio keskusta","2004","5","3","03:00","-","10.6"
"Kuopio keskusta","2004","5","4","03:00","-","11.3"
"Kuopio keskusta","2004","5","5","03:00","-","12.2"
"Kuopio keskusta","2004","5","6","03:00","-","14.6"
"Kuopio keskusta","2004","5","7","03:00","-","14"
"Kuopio keskusta","2004","5","8","03:00","-","16"
"Kuopio keskusta","2004","5","9","03:00","-","14.7"
"Kuopio keskusta","2004","5","10","03:00","-","2.8"
"Kuopio keskusta","2004","5","11","03:00","-","1.5"
"Kuopio keskusta","2004","5","12","03:00","-","3"
"Kuopio keskusta","2004","5","13","03:00","-","3.5"
"Kuopio keskusta","2004","5","15","03:00","-","5.1"
"Kuopio keskusta","2004","5","16","03:00","-","5.4"
"Kuopio keskusta","2004","5","17","03:00","-","7.6"
"Kuopio keskusta","2004","5","18","03:00","-","7.1"
"Kuopio keskusta","2004","5","19","03:00","-","8.1"
"Kuopio keskusta","2004","5","20","03:00","-","7.3"
"Kuopio keskusta","2004","5","21","03:00","-","7.8"
"Kuopio keskusta","2004","5","22","03:00","-","6.5"
"Kuopio keskusta","2004","5","23","03:00","-","6.4"
"Kuopio keskusta","2004","5","24","03:00","-","8.1"
"Kuopio keskusta","2004","5","25","03:00","-","9.1"
"Kuopio keskusta","2004","5","26","03:00","-","9.5"
"Kuopio keskusta","2004","5","27","03:00","-","11.2"
"Kuopio keskusta","2004","5","28","03:00","-","11.1"
"Kuopio keskusta","2004","5","29","03:00","-","10"
"Kuopio keskusta","2004","5","30","03:00","-","10"
"Kuopio keskusta","2004","5","31","03:00","-","8.2"
"Kuopio keskusta","2004","6","1","03:00","-","11.4"
"Kuopio keskusta","2004","6","2","03:00","-","11"
"Kuopio keskusta","2004","6","3","03:00","-","10.8"
"Kuopio keskusta","2004","6","4","03:00","-","15.2"
"Kuopio keskusta","2004","6","5","03:00","-","17.2"
"Kuopio keskusta","2004","6","6","03:00","-","11.8"
"Kuopio keskusta","2004","6","7","03:00","-","9"
"Kuopio keskusta","2004","6","8","03:00","-","9.9"
"Kuopio keskusta","2004","6","9","03:00","-","10.1"
"Kuopio keskusta","2004","6","10","03:00","-","11.6"
"Kuopio keskusta","2004","6","11","03:00","-","12.2"
"Kuopio keskusta","2004","6","12","03:00","-","13.6"
"Kuopio keskusta","2004","6","13","03:00","-","15.3"
"Kuopio keskusta","2004","6","14","03:00","-","11.3"
"Kuopio keskusta","2004","6","15","03:00","-","9.8"
"Kuopio keskusta","2004","6","16","03:00","-","9.3"
"Kuopio keskusta","2004","6","17","03:00","-","10.1"
"Kuopio keskusta","2004","6","18","03:00","-","10.3"
"Kuopio keskusta","2004","6","19","03:00","-","12.9"
"Kuopio keskusta","2004","6","20","03:00","-","13.1"
"Kuopio keskusta","2004","6","21","03:00","-","14.5"
"Kuopio keskusta","2004","6","22","03:00","-","13.6"
"Kuopio keskusta","2004","6","23","03:00","-","14"
"Kuopio keskusta","2004","6","24","03:00","-","14.1"
"Kuopio keskusta","2004","6","25","03:00","-","16.4"
"Kuopio keskusta","2004","6","26","03:00","-","16.4"
"Kuopio keskusta","2004","6","27","03:00","-","16.9"
"Kuopio keskusta","2004","6","28","03:00","-","17.2"
"Kuopio keskusta","2004","6","29","03:00","-","17.1"
"Kuopio keskusta","2004","6","30","03:00","-","17.9"
"Kuopio keskusta","2004","7","1","03:00","-","15.3"
"Kuopio keskusta","2004","7","2","03:00","-","17.9"
"Kuopio keskusta","2004","7","3","03:00","-","19.1"
"Kuopio keskusta","2004","7","4","03:00","-","17"
"Kuopio keskusta","2004","7","5","03:00","-","13.7"
"Kuopio keskusta","2004","7","6","03:00","-","13.3"
"Kuopio keskusta","2004","7","7","03:00","-","15.6"
"Kuopio keskusta","2004","7","8","03:00","-","14.4"
"Kuopio keskusta","2004","7","9","03:00","-","16.3"
"Kuopio keskusta","2004","7","10","03:00","-","17.9"
"Kuopio keskusta","2004","7","11","03:00","-","16.7"
"Kuopio keskusta","2004","7","12","03:00","-","15.2"
"Kuopio keskusta","2004","7","13","03:00","-","17.2"
"Kuopio keskusta","2004","7","14","03:00","-","15.7"
"Kuopio keskusta","2004","7","15","03:00","-","16.1"
"Kuopio keskusta","2004","7","16","03:00","-","15.2"
"Kuopio keskusta","2004","7","17","03:00","-","17.3"
"Kuopio keskusta","2004","7","18","03:00","-","17.8"
"Kuopio keskusta","2004","7","19","03:00","-","19.3"
"Kuopio keskusta","2004","7","20","03:00","-","18.2"
"Kuopio keskusta","2004","7","21","03:00","-","17.9"
"Kuopio keskusta","2004","7","22","03:00","-","18.1"
"Kuopio keskusta","2004","7","23","03:00","-","18.7"
"Kuopio keskusta","2004","7","24","03:00","-","19.2"
"Kuopio keskusta","2004","7","25","03:00","-","20.3"
"Kuopio keskusta","2004","7","26","03:00","-","19.8"
"Kuopio keskusta","2004","7","27","03:00","-","19.1"
"Kuopio keskusta","2004","7","28","03:00","-","17.4"
"Kuopio keskusta","2004","7","29","03:00","-","16.5"
"Kuopio keskusta","2004","7","30","03:00","-","17.3"
"Kuopio keskusta","2004","7","31","03:00","-","17.4"
"Kuopio keskusta","2004","8","1","03:00","-","18.1"
"Kuopio keskusta","2004","8","2","03:00","-","18.7"
"Kuopio keskusta","2004","8","3","03:00","-","21.3"
"Kuopio keskusta","2004","8","4","03:00","-","21.2"
"Kuopio keskusta","2004","8","5","03:00","-","21.8"
"Kuopio keskusta","2004","8","6","03:00","-","21.6"
"Kuopio keskusta","2004","8","7","03:00","-","22"
"Kuopio keskusta","2004","8","8","03:00","-","19.3"
"Kuopio keskusta","2004","8","9","03:00","-","15.8"
"Kuopio keskusta","2004","8","10","03:00","-","17.6"
"Kuopio keskusta","2004","8","11","03:00","-","16.6"
"Kuopio keskusta","2004","8","12","03:00","-","13"
"Kuopio keskusta","2004","8","13","03:00","-","11.6"
"Kuopio keskusta","2004","8","14","03:00","-","11"
"Kuopio keskusta","2004","8","15","03:00","-","10.6"
"Kuopio keskusta","2004","8","16","03:00","-","12.1"
"Kuopio keskusta","2004","8","17","03:00","-","12.9"
"Kuopio keskusta","2004","8","18","03:00","-","14.6"
"Kuopio keskusta","2004","8","19","03:00","-","13.6"
"Kuopio keskusta","2004","8","20","03:00","-","15.3"
"Kuopio keskusta","2004","8","21","03:00","-","15.6"
"Kuopio keskusta","2004","8","22","03:00","-","16.1"
"Kuopio keskusta","2004","8","23","03:00","-","13.1"
"Kuopio keskusta","2004","8","24","03:00","-","10"
"Kuopio keskusta","2004","8","25","03:00","-","10.4"
"Kuopio keskusta","2004","8","26","03:00","-","12"
"Kuopio keskusta","2004","8","27","03:00","-","12.8"
"Kuopio keskusta","2004","8","28","03:00","-","14.7"
"Kuopio keskusta","2004","8","29","03:00","-","15"
"Kuopio keskusta","2004","8","30","03:00","-","14.2"
"Kuopio keskusta","2004","8","31","03:00","-","16.5"
"Kuopio keskusta","2004","9","1","03:00","-","18.3"
"Kuopio keskusta","2004","9","2","03:00","-","17.4"
"Kuopio keskusta","2004","9","3","03:00","-","15.8"
"Kuopio keskusta","2004","9","4","03:00","-","13.3"
"Kuopio keskusta","2004","9","5","03:00","-","14.9"
"Kuopio keskusta","2004","9","6","03:00","-","14.8"
"Kuopio keskusta","2004","9","7","03:00","-","11.3"
"Kuopio keskusta","2004","9","8","03:00","-","8.2"
"Kuopio keskusta","2004","9","9","03:00","-","7.8"
"Kuopio keskusta","2004","9","10","03:00","-","13.4"
"Kuopio keskusta","2004","9","11","03:00","-","10.7"
"Kuopio keskusta","2004","9","12","03:00","-","10.1"
"Kuopio keskusta","2004","9","13","03:00","-","10.6"
"Kuopio keskusta","2004","9","14","03:00","-","11.1"
"Kuopio keskusta","2004","9","15","03:00","-","12.4"
"Kuopio keskusta","2004","9","16","03:00","-","9.3"
"Kuopio keskusta","2004","9","17","03:00","-","8.3"
"Kuopio keskusta","2004","9","18","03:00","-","11"
"Kuopio keskusta","2004","9","19","03:00","-","11.7"
"Kuopio keskusta","2004","9","20","03:00","-","12.1"
"Kuopio keskusta","2004","9","21","03:00","-","11.6"
"Kuopio keskusta","2004","9","22","03:00","-","10.9"
"Kuopio keskusta","2004","9","23","03:00","-","10.3"
"Kuopio keskusta","2004","9","24","03:00","-","10.3"
"Kuopio keskusta","2004","9","25","03:00","-","10.2"
"Kuopio keskusta","2004","9","26","03:00","-","10.2"
"Kuopio keskusta","2004","9","27","03:00","-","10.7"
"Kuopio keskusta","2004","9","28","03:00","-","10.6"
"Kuopio keskusta","2004","9","29","03:00","-","9.6"
"Kuopio keskusta","2004","9","30","03:00","-","8.2"
"Kuopio keskusta","2004","10","1","03:00","-","5.9"
"Kuopio keskusta","2004","10","2","03:00","-","7.8"
"Kuopio keskusta","2004","10","3","03:00","-","7"
"Kuopio keskusta","2004","10","4","03:00","-","7.5"
"Kuopio keskusta","2004","10","5","03:00","-","8.7"
"Kuopio keskusta","2004","10","7","03:00","-","8.5"
"Kuopio keskusta","2004","10","8","03:00","-","6.2"
"Kuopio keskusta","2004","10","9","03:00","-","1.8"
"Kuopio keskusta","2004","10","10","03:00","-","0.4"
"Kuopio keskusta","2004","10","11","03:00","-","0.9"
"Kuopio keskusta","2004","10","12","03:00","-","4"
"Kuopio keskusta","2004","10","13","03:00","-","4.2"
"Kuopio keskusta","2004","10","14","03:00","-","4.1"
"Kuopio keskusta","2004","10","15","03:00","-","2.8"
"Kuopio keskusta","2004","10","16","03:00","-","4.4"
"Kuopio keskusta","2004","10","17","03:00","-","3.6"
"Kuopio keskusta","2004","10","18","03:00","-","5.7"
"Kuopio keskusta","2004","10","19","03:00","-","3.4"
"Kuopio keskusta","2004","10","20","03:00","-","1.9"
"Kuopio keskusta","2004","10","21","03:00","-","2.2"
"Kuopio keskusta","2004","10","22","03:00","-","5.5"
"Kuopio keskusta","2004","10","23","03:00","-","6.2"
"Kuopio keskusta","2004","10","24","03:00","-","4.9"
"Kuopio keskusta","2004","10","25","03:00","-","4.6"
"Kuopio keskusta","2004","10","26","03:00","-","5.5"
"Kuopio keskusta","2004","10","27","03:00","-","6.1"
"Kuopio keskusta","2004","10","28","03:00","-","3.3"
"Kuopio keskusta","2004","10","29","03:00","-","0.5"
"Kuopio keskusta","2004","10","30","03:00","-","-0.9"
"Kuopio keskusta","2004","10","31","03:00","-","-0.2"
"Kuopio keskusta","2004","11","1","02:00","-","2.6"
"Kuopio keskusta","2004","11","2","02:00","-","2.2"
"Kuopio keskusta","2004","11","3","02:00","-","5.3"
"Kuopio keskusta","2004","11","4","02:00","-","3.9"
"Kuopio keskusta","2004","11","5","02:00","-","5.9"
"Kuopio keskusta","2004","11","6","02:00","-","4.5"
"Kuopio keskusta","2004","11","7","02:00","-","1.3"
"Kuopio keskusta","2004","11","8","02:00","-","4.4"
"Kuopio keskusta","2004","11","9","02:00","-","5.9"
"Kuopio keskusta","2004","11","10","02:00","-","3.1"
"Kuopio keskusta","2004","11","11","02:00","-","3.8"
"Kuopio keskusta","2004","11","12","02:00","-","5.8"
"Kuopio keskusta","2004","11","13","02:00","-","2"
"Kuopio keskusta","2004","11","14","02:00","-","-0.1"
"Kuopio keskusta","2004","11","15","02:00","-","2"
"Kuopio keskusta","2004","11","16","02:00","-","-1.6"
"Kuopio keskusta","2004","11","17","02:00","-","-3.8"
"Kuopio keskusta","2004","11","18","02:00","-","-4.3"
"Kuopio keskusta","2004","11","19","02:00","-","-6.2"
"Kuopio keskusta","2004","11","20","02:00","-","-5.3"
"Kuopio keskusta","2004","11","21","02:00","-","-11.2"
"Kuopio keskusta","2004","11","22","02:00","-","-8.5"
"Kuopio keskusta","2004","11","23","02:00","-","-6.8"
"Kuopio keskusta","2004","11","24","02:00","-","-7.1"
"Kuopio keskusta","2004","11","25","02:00","-","-3.3"
"Kuopio keskusta","2004","11","26","02:00","-","-4"
"Kuopio keskusta","2004","11","27","02:00","-","-8.3"
"Kuopio keskusta","2004","11","28","02:00","-","-12"
"Kuopio keskusta","2004","11","29","02:00","-","-11.6"
"Kuopio keskusta","2004","11","30","02:00","-","-5.8"
"Kuopio keskusta","2004","12","1","02:00","-","-0.1"
"Kuopio keskusta","2004","12","2","02:00","-","-2.9"
"Kuopio keskusta","2004","12","3","02:00","-","-12.6"
"Kuopio keskusta","2004","12","4","02:00","-","-11"
"Kuopio keskusta","2004","12","5","02:00","-","-1.5"
"Kuopio keskusta","2004","12","6","02:00","-","-2.4"
"Kuopio keskusta","2004","12","7","02:00","-","-3.2"
"Kuopio keskusta","2004","12","8","02:00","-","0.3"
"Kuopio keskusta","2004","12","9","02:00","-","-4.7"
"Kuopio keskusta","2004","12","10","02:00","-","-2.5"
"Kuopio keskusta","2004","12","11","02:00","-","-0.3"
"Kuopio keskusta","2004","12","12","02:00","-","-5.9"
"Kuopio keskusta","2004","12","13","02:00","-","-14.9"
"Kuopio keskusta","2004","12","14","02:00","-","-5.2"
"Kuopio keskusta","2004","12","15","02:00","-","1.8"
"Kuopio keskusta","2004","12","16","02:00","-","0.2"
"Kuopio keskusta","2004","12","17","02:00","-","1.7"
"Kuopio keskusta","2004","12","18","02:00","-","1.2"
"Kuopio keskusta","2004","12","19","02:00","-","0.3"
"Kuopio keskusta","2004","12","20","02:00","-","-2.9"
"Kuopio keskusta","2004","12","21","02:00","-","-5.6"
"Kuopio keskusta","2004","12","22","02:00","-","-4.8"
"Kuopio keskusta","2004","12","23","02:00","-","-2.4"
"Kuopio keskusta","2004","12","24","02:00","-","-5.2"
"Kuopio keskusta","2004","12","25","02:00","-","-9.8"
"Kuopio keskusta","2004","12","26","02:00","-","-5.5"
"Kuopio keskusta","2004","12","27","02:00","-","-3.3"
"Kuopio keskusta","2004","12","28","02:00","-","-7.7"
"Kuopio keskusta","2004","12","29","02:00","-","-3.5"
"Kuopio keskusta","2004","12","30","02:00","-","-0.4"
"Kuopio keskusta","2004","12","31","02:00","-","0.6"
"Kuopio keskusta","2005","1","1","02:00","-","-2"
"Kuopio keskusta","2005","1","2","02:00","-","-0.4"
"Kuopio keskusta","2005","1","3","02:00","-","-0.9"
"Kuopio keskusta","2005","1","4","02:00","-","-2.4"
"Kuopio keskusta","2005","1","5","02:00","-","-3.1"
"Kuopio keskusta","2005","1","6","02:00","-","-5.8"
"Kuopio keskusta","2005","1","7","02:00","-","-1.7"
"Kuopio keskusta","2005","1","8","02:00","-","0.9"
"Kuopio keskusta","2005","1","9","02:00","-","-0.5"
"Kuopio keskusta","2005","1","10","02:00","-","-3.2"
"Kuopio keskusta","2005","1","11","02:00","-","1.3"
"Kuopio keskusta","2005","1","12","02:00","-","-0.6"
"Kuopio keskusta","2005","1","13","02:00","-","1.6"
"Kuopio keskusta","2005","1","14","02:00","-","-1.7"
"Kuopio keskusta","2005","1","15","02:00","-","-6.6"
"Kuopio keskusta","2005","1","16","02:00","-","-5.5"
"Kuopio keskusta","2005","1","17","02:00","-","1.3"
"Kuopio keskusta","2005","1","18","02:00","-","0.6"
"Kuopio keskusta","2005","1","19","02:00","-","-0.9"
"Kuopio keskusta","2005","1","20","02:00","-","-2"
"Kuopio keskusta","2005","1","21","02:00","-","-2"
"Kuopio keskusta","2005","1","22","02:00","-","-2.6"
"Kuopio keskusta","2005","1","23","02:00","-","-4.7"
"Kuopio keskusta","2005","1","24","02:00","-","-7.7"
"Kuopio keskusta","2005","1","25","02:00","-","-7.1"
"Kuopio keskusta","2005","1","26","02:00","-","-8.2"
"Kuopio keskusta","2005","1","27","02:00","-","-9.5"
"Kuopio keskusta","2005","1","28","02:00","-","-17.4"
"Kuopio keskusta","2005","1","29","02:00","-","-13.6"
"Kuopio keskusta","2005","1","30","02:00","-","-8.9"
"Kuopio keskusta","2005","1","31","02:00","-","-3.5"
"Kuopio keskusta","2005","2","1","02:00","-","-6.5"
"Kuopio keskusta","2005","2","2","02:00","-","-14.1"
"Kuopio keskusta","2005","2","3","02:00","-","-8.1"
"Kuopio keskusta","2005","2","4","02:00","-","-2.5"
"Kuopio keskusta","2005","2","5","02:00","-","-0.2"
"Kuopio keskusta","2005","2","6","02:00","-","-3.6"
"Kuopio keskusta","2005","2","7","02:00","-","-4"
"Kuopio keskusta","2005","2","8","02:00","-","-5.2"
"Kuopio keskusta","2005","2","9","02:00","-","-5.3"
"Kuopio keskusta","2005","2","10","02:00","-","-4.8"
"Kuopio keskusta","2005","2","11","02:00","-","0"
"Kuopio keskusta","2005","2","12","02:00","-","-3.2"
"Kuopio keskusta","2005","2","13","02:00","-","-2.9"
"Kuopio keskusta","2005","2","14","02:00","-","-7.9"
"Kuopio keskusta","2005","2","15","02:00","-","-10.5"
"Kuopio keskusta","2005","2","16","02:00","-","-13.4"
"Kuopio keskusta","2005","2","17","02:00","-","-9.8"
"Kuopio keskusta","2005","2","18","02:00","-","-8.3"
"Kuopio keskusta","2005","2","19","02:00","-","-5.7"
"Kuopio keskusta","2005","2","20","02:00","-","-6.5"
"Kuopio keskusta","2005","2","21","02:00","-","-10"
"Kuopio keskusta","2005","2","22","02:00","-","-14.1"
"Kuopio keskusta","2005","2","23","02:00","-","-18.2"
"Kuopio keskusta","2005","2","24","02:00","-","-14.3"
"Kuopio keskusta","2005","2","25","02:00","-","-7.3"
"Kuopio keskusta","2005","2","26","02:00","-","-11.6"
"Kuopio keskusta","2005","2","27","02:00","-","-12.8"
"Kuopio keskusta","2005","2","28","02:00","-","-16.1"
"Kuopio keskusta","2005","3","1","02:00","-","-15.1"
"Kuopio keskusta","2005","3","2","02:00","-","-13.2"
"Kuopio keskusta","2005","3","4","02:00","-","-11.6"
"Kuopio keskusta","2005","3","5","02:00","-","-13.4"
"Kuopio keskusta","2005","3","6","02:00","-","-13.5"
"Kuopio keskusta","2005","3","7","02:00","-","-8"
"Kuopio keskusta","2005","3","8","02:00","-","-6.8"
"Kuopio keskusta","2005","3","9","02:00","-","-11.1"
"Kuopio keskusta","2005","3","10","02:00","-","-14.4"
"Kuopio keskusta","2005","3","11","02:00","-","-14.4"
"Kuopio keskusta","2005","3","13","02:00","-","-12.3"
"Kuopio keskusta","2005","3","14","02:00","-","-12.1"
"Kuopio keskusta","2005","3","15","02:00","-","-11.6"
"Kuopio keskusta","2005","3","16","02:00","-","-13.6"
"Kuopio keskusta","2005","3","17","02:00","-","-10"
"Kuopio keskusta","2005","3","18","02:00","-","-8.1"
"Kuopio keskusta","2005","3","22","02:00","-","-5.4"
"Kuopio keskusta","2005","3","23","02:00","-","-8.6"
"Kuopio keskusta","2005","3","24","02:00","-","3"
"Kuopio keskusta","2005","3","25","02:00","-","3.2"
"Kuopio keskusta","2005","3","26","02:00","-","0.9"
"Kuopio keskusta","2005","3","27","02:00","-","-1.8"
"Kuopio keskusta","2005","3","31","03:00","-","1.4"
"Kuopio keskusta","2005","4","1","03:00","-","2.8"
"Kuopio keskusta","2005","4","2","03:00","-","2.8"
"Kuopio keskusta","2005","4","3","03:00","-","3.4"
"Kuopio keskusta","2005","4","5","03:00","-","6"
"Kuopio keskusta","2005","4","8","03:00","-","4.3"
"Kuopio keskusta","2005","4","10","03:00","-","1.7"
"Kuopio keskusta","2005","4","12","03:00","-","2.9"
"Kuopio keskusta","2005","4","13","03:00","-","6"
"Kuopio keskusta","2005","4","14","03:00","-","5.5"
"Kuopio keskusta","2005","4","15","03:00","-","2.8"
"Kuopio keskusta","2005","4","16","03:00","-","4.7"
"Kuopio keskusta","2005","4","17","03:00","-","3.1"
"Kuopio keskusta","2005","4","18","03:00","-","0.7"
"Kuopio keskusta","2005","4","19","03:00","-","-1.8"
"Kuopio keskusta","2005","4","20","03:00","-","-1"
"Kuopio keskusta","2005","4","21","03:00","-","-2.4"
"Kuopio keskusta","2005","4","22","03:00","-","-0.2"
"Kuopio keskusta","2005","4","23","03:00","-","0.5"
"Kuopio keskusta","2005","4","24","03:00","-","3.2"
"Kuopio keskusta","2005","4","25","03:00","-","4.3"
"Kuopio keskusta","2005","4","26","03:00","-","5"
"Kuopio keskusta","2005","4","27","03:00","-","5.3"
"Kuopio keskusta","2005","4","28","03:00","-","6.8"
"Kuopio keskusta","2005","4","29","03:00","-","5.6"
"Kuopio keskusta","2005","4","30","03:00","-","2.3"
"Kuopio keskusta","2005","5","1","03:00","-","0.7"
"Kuopio keskusta","2005","5","2","03:00","-","2.2"
"Kuopio keskusta","2005","5","3","03:00","-","5.7"
"Kuopio keskusta","2005","5","4","03:00","-","6.9"
"Kuopio keskusta","2005","5","5","03:00","-","7"
"Kuopio keskusta","2005","5","6","03:00","-","5.6"
"Kuopio keskusta","2005","5","7","03:00","-","5.4"
"Kuopio keskusta","2005","5","8","03:00","-","7.7"
"Kuopio keskusta","2005","5","9","03:00","-","5.9"
"Kuopio keskusta","2005","5","10","03:00","-","7.4"
"Kuopio keskusta","2005","5","11","03:00","-","3.5"
"Kuopio keskusta","2005","5","12","03:00","-","8.9"
"Kuopio keskusta","2005","5","13","03:00","-","10.6"
"Kuopio keskusta","2005","5","14","03:00","-","9.1"
"Kuopio keskusta","2005","5","15","03:00","-","6.4"
"Kuopio keskusta","2005","5","16","03:00","-","8"
"Kuopio keskusta","2005","5","17","03:00","-","9.3"
"Kuopio keskusta","2005","5","18","03:00","-","5.5"
"Kuopio keskusta","2005","5","19","03:00","-","6.3"
"Kuopio keskusta","2005","5","20","03:00","-","10"
"Kuopio keskusta","2005","5","21","03:00","-","11.8"
"Kuopio keskusta","2005","5","22","03:00","-","14"
"Kuopio keskusta","2005","5","23","03:00","-","13.5"
"Kuopio keskusta","2005","5","24","03:00","-","17.6"
"Kuopio keskusta","2005","5","25","03:00","-","15.3"
"Kuopio keskusta","2005","5","26","03:00","-","14.5"
"Kuopio keskusta","2005","5","27","03:00","-","13.8"
"Kuopio keskusta","2005","5","28","03:00","-","9.2"
"Kuopio keskusta","2005","5","29","03:00","-","10.4"
"Kuopio keskusta","2005","5","30","03:00","-","10.4"
"Kuopio keskusta","2005","5","31","03:00","-","8.9"
"Kuopio keskusta","2005","6","1","03:00","-","10.6"
"Kuopio keskusta","2005","6","2","03:00","-","11.5"
"Kuopio keskusta","2005","6","3","03:00","-","12.8"
"Kuopio keskusta","2005","6","4","03:00","-","13.5"
"Kuopio keskusta","2005","6","5","03:00","-","11.1"
"Kuopio keskusta","2005","6","6","03:00","-","12.1"
"Kuopio keskusta","2005","6","7","03:00","-","11.8"
"Kuopio keskusta","2005","6","8","03:00","-","11.9"
"Kuopio keskusta","2005","6","9","03:00","-","13.9"
"Kuopio keskusta","2005","6","10","03:00","-","15.9"
"Kuopio keskusta","2005","6","11","03:00","-","17.3"
"Kuopio keskusta","2005","6","12","03:00","-","19.5"
"Kuopio keskusta","2005","6","13","03:00","-","22.6"
"Kuopio keskusta","2005","6","14","03:00","-","20.9"
"Kuopio keskusta","2005","6","15","03:00","-","11.3"
"Kuopio keskusta","2005","6","16","03:00","-","14.2"
"Kuopio keskusta","2005","6","17","03:00","-","16.6"
"Kuopio keskusta","2005","6","18","03:00","-","16.8"
"Kuopio keskusta","2005","6","19","03:00","-","15.3"
"Kuopio keskusta","2005","6","20","03:00","-","15.8"
